time,open,high,low,close,volume
2020-12-18 20:00:00,3226.92,3229.45,3226.92,3229.45,4209
2020-12-18 19:45:00,3225.0,3226.76,3224.8,3226.76,4118
2020-12-18 19:30:00,3222.0,3223.78,3222.0,3223.78,693
2020-12-18 19:15:00,3220.31,3222.0,3220.31,3222.0,2173
2020-12-18 19:00:00,3217.64,3221.5,3217.64,3221.5,3674
2020-12-18 18:45:00,3215.37,3216.0,3215.37,3216.0,665
2020-12-18 18:30:00,3215.88,3216.27,3215.88,3216.07,2012
2020-12-18 18:15:00,3214.56,3215.5,3213.98,3215.48,5258
2020-12-18 18:00:00,3214.1,3214.9,3214.0,3214.5,33585
2020-12-18 17:45:00,3215.0,3215.0,3214.0,3214.4,11271
2020-12-18 17:30:00,3210.0,3214.5,3210.0,3214.5,5812
2020-12-18 17:15:00,3211.1,3211.1,3201.65,3210.04,43655
2020-12-18 17:00:00,3204.63,3212.08,3204.5,3212.08,6746
2020-12-18 16:45:00,3203.84,3206.0,3202.85,3206.0,9527
2020-12-18 16:30:00,3201.0,3202.5,3200.06,3202.0,76007
2020-12-18 16:15:00,3201.65,3204.2,3200.0,3201.0,228686
2020-12-18 16:00:00,3192.3,3207.03,3185.21,3201.07,592507
2020-12-18 15:45:00,3178.35,3193.38,3175.0,3191.96,324388
2020-12-18 15:30:00,3182.785,3184.95,3175.53,3178.48,164316
2020-12-18 15:15:00,3185.185,3187.1741,3179.23,3183.32,205190
2020-12-18 15:00:00,3188.0,3192.84,3182.0,3186.0289,153700
2020-12-18 14:45:00,3178.45,3188.4,3178.0,3187.56,144989
2020-12-18 14:30:00,3175.0,3179.28,3171.6,3177.899,107941
2020-12-18 14:15:00,3186.08,3186.8,3175.0,3175.3047,118475
2020-12-18 14:00:00,3186.315,3188.3726,3182.64,3186.075,81179
2020-12-18 13:45:00,3194.78,3194.9,3181.9928,3185.88,131209
2020-12-18 13:30:00,3199.66,3200.0,3191.56,3194.6614,116975
2020-12-18 13:15:00,3198.32,3199.92,3197.06,3199.92,60141
2020-12-18 13:00:00,3200.125,3200.2704,3196.01,3198.0,62659
2020-12-18 12:45:00,3197.29,3201.02,3196.8,3200.63,59895
2020-12-18 12:30:00,3201.0765,3201.0765,3195.81,3197.55,57054
2020-12-18 12:15:00,3197.0,3201.71,3194.57,3200.72,80870
2020-12-18 12:00:00,3200.32,3202.0,3197.23,3197.3,92227
2020-12-18 11:45:00,3200.72,3204.0,3199.17,3200.02,114669
2020-12-18 11:30:00,3197.5,3203.4199,3192.62,3201.53,83895
2020-12-18 11:15:00,3206.975,3208.6664,3192.09,3196.9159,128166
2020-12-18 11:00:00,3208.0,3209.47,3203.0,3206.8722,71640
2020-12-18 10:45:00,3208.17,3210.015,3203.0,3208.435,79900
2020-12-18 10:30:00,3211.61,3213.5065,3204.0395,3207.89,113326
2020-12-18 10:15:00,3217.1,3218.35,3206.82,3211.34,195984
2020-12-18 10:00:00,3226.605,3229.88,3217.06,3218.13,169995
2020-12-18 09:45:00,3243.99,3249.42,3220.5813,3227.0,628239
2020-12-18 09:30:00,3243.36,3251.84,3243.36,3244.87,18530
2020-12-18 09:15:00,3247.0378,3248.0,3247.0,3247.0,6020
2020-12-18 09:00:00,3243.7204,3248.9,3241.6954,3247.5,5989
2020-12-18 08:45:00,3237.0,3244.2986,3237.0,3243.0,3968
2020-12-18 08:30:00,3236.0801,3236.0801,3236.0801,3236.0801,6998
2020-12-18 08:15:00,3234.9,3237.8035,3232.9365,3235.69,2503
2020-12-18 08:00:00,3232.5,3232.5,3232.5,3232.5,353
2020-12-18 07:30:00,3236.08,3236.08,3236.08,3236.08,116
2020-12-18 07:15:00,3232.5,3232.5,3232.5,3232.5,831
2020-12-18 05:45:00,3227.62,3227.62,3227.62,3227.62,282
2020-12-18 04:15:00,3236.0,3236.0,3236.0,3236.0,207
2020-12-17 20:00:00,3231.31,3231.31,3230.0,3230.0,1063
2020-12-17 19:45:00,3235.9,3235.9,3235.9,3235.9,102
2020-12-17 19:15:00,3235.25,3235.25,3234.21,3234.21,682
2020-12-17 18:45:00,3235.18,3235.18,3235.18,3235.18,102
2020-12-17 17:45:00,3233.9,3233.9,3233.9,3233.9,3528
2020-12-17 17:30:00,3235.02,3235.02,3234.21,3234.21,638
2020-12-17 17:00:00,3236.2,3236.2,3236.2,3236.2,203
2020-12-17 16:30:00,3236.0,3236.08,3235.0,3235.0,21753
2020-12-17 16:15:00,3236.08,3242.06,3236.0,3236.0,105826
2020-12-17 16:00:00,3227.07,3239.0,3225.4687,3237.015,252359
2020-12-17 15:45:00,3231.5,3233.2729,3224.0,3227.5713,128087
2020-12-17 15:30:00,3233.76,3237.46,3231.93,3231.93,131122
2020-12-17 15:15:00,3238.5,3238.995,3232.37,3233.5,207925
2020-12-17 15:00:00,3236.1452,3240.31,3236.1452,3238.67,48176
2020-12-17 14:45:00,3233.86,3236.245,3231.3017,3236.245,50992
2020-12-17 14:30:00,3238.84,3240.37,3233.735,3233.74,41376
2020-12-17 14:15:00,3239.9,3242.75,3238.0,3238.6299,47291
2020-12-17 14:00:00,3240.771,3243.0,3237.925,3239.85,43359
2020-12-17 13:45:00,3237.5544,3241.0,3235.79,3241.0,50873
2020-12-17 13:30:00,3241.99,3242.03,3234.88,3236.69,74332
2020-12-17 13:15:00,3236.67,3242.3,3236.66,3241.35,44838
2020-12-17 13:00:00,3243.0,3243.0,3235.9,3236.95,116646
2020-12-17 12:45:00,3239.02,3243.0,3236.11,3242.49,63797
2020-12-17 12:30:00,3235.1,3239.46,3232.98,3239.06,44337
2020-12-17 12:15:00,3234.25,3238.405,3233.04,3235.8975,67826
2020-12-17 12:00:00,3232.0367,3233.13,3221.0,3232.865,120261
2020-12-17 11:45:00,3237.89,3238.175,3231.145,3231.81,59493
2020-12-17 11:30:00,3234.0,3239.575,3233.69,3237.41,58329
2020-12-17 11:15:00,3230.5,3242.4829,3230.5,3235.0589,88342
2020-12-17 11:00:00,3242.81,3242.94,3230.0,3231.44,85164
2020-12-17 10:45:00,3244.75,3246.85,3235.22,3238.8,121926
2020-12-17 10:30:00,3230.7773,3247.84,3225.28,3243.945,172447
2020-12-17 10:15:00,3252.175,3255.25,3230.35,3231.0,206164
2020-12-17 10:00:00,3252.24,3259.4,3246.0,3252.83,271876
2020-12-17 09:45:00,3250.0,3263.51,3242.73,3251.8,405771
2020-12-17 09:30:00,3250.74,3251.0,3248.07,3249.0,7122
2020-12-17 09:15:00,3250.84,3251.2,3250.5,3251.2,1984
2020-12-17 09:00:00,3248.94,3250.5,3248.94,3250.0,3953
2020-12-17 08:45:00,3247.8,3248.43,3247.8,3248.43,975
2020-12-17 08:30:00,3250.0,3251.0,3246.0,3246.0,3984
2020-12-17 08:15:00,3248.0028,3250.0,3240.96,3250.0,6285
2020-12-17 08:00:00,3250.0,3251.0,3250.0,3251.0,1844
2020-12-17 07:45:00,3249.0,3249.88,3248.95,3249.88,1738
2020-12-17 07:30:00,3249.0,3250.0,3247.09,3247.09,2793
2020-12-17 07:15:00,3251.99,3251.99,3247.0,3249.0,5310
2020-12-17 06:30:00,3254.0,3254.0,3254.0,3254.0,160
2020-12-17 06:15:00,3255.98,3255.98,3255.98,3255.98,102
2020-12-16 20:00:00,3243.22,3243.22,3243.22,3243.22,402
2020-12-16 19:15:00,3241.5,3241.5,3241.5,3241.5,554
2020-12-16 19:00:00,3241.25,3241.25,3241.25,3241.25,453
2020-12-16 18:15:00,3240.0,3241.63,3240.0,3241.0,2856
2020-12-16 17:45:00,3239.5,3242.99,3239.5,3242.99,1069
2020-12-16 17:30:00,3239.0,3239.0,3239.0,3239.0,269
2020-12-16 17:00:00,3239.0,3239.0,3237.55,3237.55,317
2020-12-16 16:45:00,3239.54,3240.96,3239.54,3240.25,2668
2020-12-16 16:30:00,3239.0,3239.0,3223.105,3223.105,6269
2020-12-16 16:15:00,3240.96,3240.96,3238.44,3238.44,218461
2020-12-16 16:00:00,3244.26,3245.42,3236.34,3240.96,320886
2020-12-16 15:45:00,3242.555,3247.0,3242.39,3244.66,197413
2020-12-16 15:30:00,3239.5725,3242.85,3236.5132,3242.3548,196382
2020-12-16 15:15:00,3236.4548,3240.87,3233.79,3239.025,124454
2020-12-16 15:00:00,3233.94,3239.29,3232.78,3236.33,123804
2020-12-16 14:45:00,3224.71,3236.4119,3224.515,3233.74,163706
2020-12-16 14:30:00,3219.49,3226.0,3216.084,3223.85,69632
2020-12-16 14:15:00,3224.0,3225.15,3217.56,3219.813,99179
2020-12-16 14:00:00,3219.9832,3226.71,3218.4267,3222.75,67722
2020-12-16 13:45:00,3215.4346,3221.2758,3215.4346,3219.74,47721
2020-12-16 13:30:00,3221.8,3221.8,3214.0065,3215.0,60123
2020-12-16 13:15:00,3220.68,3223.81,3217.0,3222.325,68744
2020-12-16 13:00:00,3222.52,3224.0,3216.39,3221.5605,69817
2020-12-16 12:45:00,3221.3,3226.79,3218.93,3224.0,89567
2020-12-16 12:30:00,3226.3095,3227.91,3220.33,3221.32,95872
2020-12-16 12:15:00,3226.95,3228.0,3217.3431,3227.0102,122407
2020-12-16 12:00:00,3220.5,3229.0,3220.5,3226.95,108064
2020-12-16 11:45:00,3218.39,3226.6269,3217.5,3219.85,132955
2020-12-16 11:30:00,3220.0,3221.0287,3213.25,3219.1404,113710
2020-12-16 11:15:00,3206.7,3221.79,3203.15,3220.0,228346
2020-12-16 11:00:00,3205.95,3208.0,3201.29,3206.27,107101
2020-12-16 10:45:00,3194.0,3206.25,3194.0,3204.505,98983
2020-12-16 10:30:00,3200.03,3203.425,3185.1869,3193.8608,146668
2020-12-16 10:15:00,3197.11,3208.13,3192.19,3201.5152,208849
2020-12-16 10:00:00,3174.845,3207.0,3173.38,3196.0,420476
2020-12-16 09:45:00,3176.01,3183.58,3163.68,3174.3,280459
2020-12-16 09:30:00,3175.99,3175.99,3175.99,3175.99,258
2020-12-16 09:15:00,3178.2,3178.2,3175.0,3176.06,4995
2020-12-16 09:00:00,3176.0,3181.0461,3176.0,3180.0,6415
2020-12-16 08:45:00,3169.02,3174.9644,3165.0,3174.9644,2794
2020-12-16 08:30:00,3174.98,3175.8,3166.07,3166.07,3894
2020-12-16 08:15:00,3182.0,3182.0,3170.0,3173.98,4842
2020-12-16 07:45:00,3171.53,3172.5,3171.53,3172.5,487
2020-12-16 07:30:00,3173.5,3173.5,3173.5,3173.5,151
2020-12-16 07:15:00,3181.0,3181.0,3177.21,3177.32,1915
2020-12-16 06:30:00,3182.5,3182.5,3182.5,3182.5,205
2020-12-16 06:00:00,3181.98,3181.98,3181.98,3181.98,228
2020-12-16 05:30:00,3177.45,3180.0,3177.45,3180.0,463
2020-12-15 20:00:00,3161.06,3161.06,3161.06,3161.06,113
2020-12-15 19:45:00,3162.01,3162.21,3162.01,3162.21,575
2020-12-15 19:30:00,3162.0,3162.0,3162.0,3162.0,221
2020-12-15 18:15:00,3163.0,3163.5,3163.0,3163.5,1627
2020-12-15 18:00:00,3161.01,3161.01,3161.01,3161.01,200
2020-12-15 17:45:00,3162.0,3162.0,3162.0,3162.0,558
2020-12-15 17:15:00,3160.43,3162.0,3160.43,3162.0,1108
2020-12-15 17:00:00,3163.25,3163.25,3160.43,3160.43,916
2020-12-15 16:45:00,3164.89,3164.89,3163.25,3163.25,1174
2020-12-15 16:30:00,3164.8035,3165.0,3164.77,3165.0,1408
2020-12-15 16:15:00,3165.12,3165.12,3163.06,3165.12,107876
2020-12-15 16:00:00,3160.5,3166.45,3156.595,3166.45,183609
2020-12-15 15:45:00,3161.64,3161.75,3157.0001,3160.5,72109
2020-12-15 15:30:00,3159.215,3164.69,3157.12,3161.9353,74004
2020-12-15 15:15:00,3164.1432,3166.55,3156.36,3159.02,93019
2020-12-15 15:00:00,3159.75,3164.99,3159.14,3164.5383,90627
2020-12-15 14:45:00,3149.12,3159.27,3149.12,3159.27,93222
2020-12-15 14:30:00,3160.51,3160.51,3149.0,3149.69,64879
2020-12-15 14:15:00,3154.75,3160.57,3147.88,3160.44,77830
2020-12-15 14:00:00,3146.98,3156.6,3146.15,3154.15,87362
2020-12-15 13:45:00,3142.14,3149.9899,3141.68,3146.3401,73298
2020-12-15 13:30:00,3138.355,3142.75,3136.555,3141.88,56942
2020-12-15 13:15:00,3138.79,3140.85,3138.26,3138.3827,42254
2020-12-15 13:00:00,3135.8,3139.9999,3134.68,3138.905,53046
2020-12-15 12:45:00,3137.75,3139.06,3135.3,3135.53,44766
2020-12-15 12:30:00,3136.44,3139.46,3135.1,3136.645,91350
2020-12-15 12:15:00,3137.8,3142.2155,3136.615,3137.21,57314
2020-12-15 12:00:00,3140.09,3140.09,3133.0315,3138.36,69586
2020-12-15 11:45:00,3138.5,3142.54,3138.0,3140.17,132102
2020-12-15 11:30:00,3134.3,3143.0,3131.0,3138.4,168161
2020-12-15 11:15:00,3138.205,3143.0,3130.49,3135.38,157635
2020-12-15 11:00:00,3152.64,3157.46,3135.4,3138.89,174697
2020-12-15 10:45:00,3162.07,3168.0,3150.4801,3153.37,128278
2020-12-15 10:30:00,3163.005,3169.6299,3159.0,3161.9,114023
2020-12-15 10:15:00,3181.96,3185.49,3161.13,3163.5099,192382
2020-12-15 10:00:00,3168.0,3188.4999,3164.06,3182.13,188849
2020-12-15 09:45:00,3181.01,3185.25,3162.0,3167.5162,292589
2020-12-15 09:30:00,3181.0,3183.55,3180.1,3180.1,30621
2020-12-15 09:15:00,3181.0,3183.0,3181.0,3183.0,2058
2020-12-15 09:00:00,3182.0,3182.0,3156.97,3181.39,13821
2020-12-15 08:45:00,3180.0,3182.6886,3180.0,3182.6886,2914
2020-12-15 08:30:00,3179.0,3180.0,3179.0,3179.0,2483
2020-12-15 08:15:00,3175.2,3181.0,3175.2,3178.2,6121
2020-12-15 08:00:00,3178.88,3179.0,3178.88,3179.0,403
2020-12-15 07:45:00,3178.8,3178.8,3178.0,3178.0,681
2020-12-15 07:30:00,3180.13,3180.13,3179.78,3179.78,771
2020-12-15 07:15:00,3175.0,3179.95,3175.0,3179.95,3635
2020-12-15 04:15:00,3175.0,3175.0,3175.0,3175.0,302
2020-12-14 19:30:00,3162.94,3163.16,3161.99,3161.99,1576
2020-12-14 19:15:00,3159.0,3163.0,3159.0,3163.0,1562
2020-12-14 19:00:00,3157.01,3157.5,3157.01,3157.5,805
2020-12-14 18:45:00,3159.5,3159.5,3159.5,3159.5,292
2020-12-14 18:30:00,3160.8,3161.0,3160.0,3160.33,1666
2020-12-14 18:15:00,3157.0,3160.0,3157.0,3160.0,3659
2020-12-14 18:00:00,3155.5,3155.5,3155.5,3155.5,645
2020-12-14 17:45:00,3158.6,3158.6,3155.0,3155.0,1157
2020-12-14 17:30:00,3158.79,3158.79,3157.0,3157.0,919
2020-12-14 17:00:00,3154.95,3154.95,3154.95,3154.95,4919
2020-12-14 16:45:00,3156.33,3156.33,3155.0,3155.0,442
2020-12-14 16:30:00,3156.6543,3156.6543,3155.99,3155.99,2086
2020-12-14 16:15:00,3156.97,3157.72,3155.76,3157.72,92338
2020-12-14 16:00:00,3162.57,3166.11,3151.25,3156.97,252216
2020-12-14 15:45:00,3177.73,3178.1,3162.92,3163.0,124704
2020-12-14 15:30:00,3173.77,3179.97,3171.24,3178.1,127742
2020-12-14 15:15:00,3173.43,3175.3595,3169.345,3173.96,49008
2020-12-14 15:00:00,3168.995,3174.97,3167.19,3174.17,57236
2020-12-14 14:45:00,3175.17,3175.23,3164.0,3169.09,68165
2020-12-14 14:30:00,3180.0355,3180.0355,3175.0,3175.9099,50797
2020-12-14 14:15:00,3181.5,3182.95,3177.0,3179.49,54494
2020-12-14 14:00:00,3175.495,3182.4999,3171.61,3180.6088,99948
2020-12-14 13:45:00,3169.165,3176.0,3168.6699,3175.5,52825
2020-12-14 13:30:00,3166.53,3174.0041,3166.53,3168.83,74042
2020-12-14 13:15:00,3174.6395,3176.5,3162.41,3167.305,88805
2020-12-14 13:00:00,3174.03,3180.0,3170.6,3174.63,60018
2020-12-14 12:45:00,3179.8,3180.93,3170.0,3175.18,80119
2020-12-14 12:30:00,3188.3892,3190.0,3177.33,3179.97,146611
2020-12-14 12:15:00,3187.39,3190.0,3183.24,3188.976,89943
2020-12-14 12:00:00,3177.91,3189.0,3177.73,3186.88,100882
2020-12-14 11:45:00,3176.86,3181.99,3175.0,3178.0,73464
2020-12-14 11:30:00,3172.44,3180.02,3171.2529,3177.5,105976
2020-12-14 11:15:00,3173.31,3178.98,3158.85,3171.87,152247
2020-12-14 11:00:00,3183.9099,3185.1786,3173.68,3173.8,138349
2020-12-14 10:45:00,3183.405,3186.37,3175.63,3184.7192,135923
2020-12-14 10:30:00,3171.541,3190.47,3171.541,3183.716,220036
2020-12-14 10:15:00,3180.16,3184.64,3165.9736,3171.37,195593
2020-12-14 10:00:00,3169.5,3188.87,3168.5708,3180.16,409595
2020-12-14 09:45:00,3143.0,3176.745,3126.0,3168.92,525451
2020-12-14 09:30:00,3137.0,3149.49,3137.0,3149.49,11238
2020-12-14 09:15:00,3131.0,3137.74,3131.0,3136.1528,8235
2020-12-14 09:00:00,3129.0,3131.55,3129.0,3131.55,1825
2020-12-14 08:45:00,3126.11,3128.99,3125.3,3128.99,3983
2020-12-14 08:30:00,3131.12,3132.0,3120.0,3129.978,9873
2020-12-14 08:15:00,3140.6815,3143.0,3135.0,3135.0,9305
2020-12-14 08:00:00,3142.42,3142.42,3141.1,3141.5,3079
2020-12-14 07:45:00,3138.5,3142.42,3138.5,3142.2,2330
2020-12-14 07:30:00,3140.0,3140.0,3136.5,3138.5,1100
2020-12-14 07:15:00,3136.5,3140.2,3136.5,3137.85,2267
2020-12-14 06:45:00,3141.5,3142.68,3141.5,3142.68,517
2020-12-14 06:15:00,3139.77,3143.0,3139.77,3142.02,679
2020-12-14 05:45:00,3135.0,3135.0,3135.0,3135.0,134
2020-12-14 04:30:00,3135.0,3135.0,3135.0,3135.0,245
2020-12-14 04:15:00,3132.5,3140.05,3132.5,3140.05,896
2020-12-11 20:00:00,3112.7,3112.7,3112.7,3112.7,196
2020-12-11 19:30:00,3110.67,3110.67,3110.67,3110.67,102
2020-12-11 17:45:00,3113.12,3113.12,3113.12,3113.12,169
2020-12-11 17:00:00,3114.72,3114.72,3114.72,3114.72,396
2020-12-11 16:45:00,3114.9,3116.42,3114.9,3114.95,3643
2020-12-11 16:30:00,3116.1084,3116.42,3114.82,3114.82,1088
2020-12-11 16:15:00,3116.42,3116.42,3114.71,3114.9,109626
2020-12-11 16:00:00,3111.15,3116.41,3107.28,3116.41,245626
2020-12-11 15:45:00,3112.83,3116.12,3110.77,3111.81,103932
2020-12-11 15:30:00,3109.99,3118.67,3109.95,3112.48,195594
2020-12-11 15:15:00,3110.27,3113.0,3102.62,3110.0,109424
2020-12-11 15:00:00,3109.3,3115.0,3105.25,3110.27,103923
2020-12-11 14:45:00,3103.93,3109.45,3103.62,3109.45,81347
2020-12-11 14:30:00,3098.49,3105.78,3097.46,3102.97,70957
2020-12-11 14:15:00,3096.4904,3102.0,3094.63,3097.73,96776
2020-12-11 14:00:00,3092.36,3098.0,3091.82,3096.66,70296
2020-12-11 13:45:00,3089.47,3095.1,3088.88,3092.28,70058
2020-12-11 13:30:00,3090.62,3092.48,3085.12,3089.0,83378
2020-12-11 13:15:00,3079.1,3090.5,3079.1,3090.5,75199
2020-12-11 13:00:00,3073.47,3080.07,3072.82,3079.265,125956
2020-12-11 12:45:00,3081.66,3082.0,3073.3675,3073.6114,113668
2020-12-11 12:30:00,3083.0,3085.07,3080.18,3082.15,55515
2020-12-11 12:15:00,3088.42,3091.74,3083.0,3083.3,55034
2020-12-11 12:00:00,3084.14,3088.27,3082.0,3086.54,54265
2020-12-11 11:45:00,3087.03,3090.0938,3083.0,3084.73,86370
2020-12-11 11:30:00,3093.25,3097.37,3087.0301,3087.0301,66857
2020-12-11 11:15:00,3093.53,3097.71,3090.71,3093.3,55700
2020-12-11 11:00:00,3098.21,3098.21,3088.37,3093.4206,93946
2020-12-11 10:45:00,3102.01,3102.3616,3095.0,3097.878,77041
2020-12-11 10:30:00,3108.65,3108.65,3100.0,3104.37,81121
2020-12-11 10:15:00,3108.5,3111.61,3101.43,3110.395,92606
2020-12-11 10:00:00,3092.11,3112.8,3092.11,3105.99,175604
2020-12-11 09:45:00,3096.66,3109.6,3083.94,3093.01,275711
2020-12-11 09:30:00,3094.93,3095.0,3094.93,3095.0,1826
2020-12-11 09:15:00,3091.5,3093.0,3091.0,3093.0,3489
2020-12-11 09:00:00,3091.65,3091.65,3090.0,3090.0,1442
2020-12-11 08:45:00,3089.93,3091.0939,3089.93,3091.0939,1481
2020-12-11 08:30:00,3089.25,3089.25,3088.98,3088.98,798
2020-12-11 08:15:00,3089.99,3091.65,3089.99,3091.0,3519
2020-12-11 08:00:00,3090.89,3090.89,3090.0,3090.0,2145
2020-12-11 07:45:00,3084.0,3084.99,3084.0,3084.99,787
2020-12-11 07:30:00,3088.11,3089.25,3086.0,3089.25,1975
2020-12-11 07:15:00,3087.84,3090.16,3087.84,3090.16,675
2020-12-11 06:45:00,3082.0,3082.0,3082.0,3082.0,239
2020-12-11 06:30:00,3076.5,3076.5,3076.5,3076.5,447
2020-12-11 06:00:00,3078.0,3078.0,3078.0,3078.0,458
2020-12-11 05:45:00,3087.93,3087.93,3087.93,3087.93,242
2020-12-11 04:15:00,3095.0,3095.2,3095.0,3095.0,1837
2020-12-10 18:45:00,3101.49,3101.49,3100.51,3100.51,2528
2020-12-10 18:15:00,3101.0,3101.0,3100.05,3100.05,1333
2020-12-10 18:00:00,3102.0,3102.0,3101.0,3101.0,1372
2020-12-10 17:45:00,3100.75,3100.75,3100.75,3100.75,502
2020-12-10 17:30:00,3100.75,3100.75,3100.75,3100.75,172
2020-12-10 17:15:00,3100.99,3100.99,3100.3,3100.3,622
2020-12-10 17:00:00,3100.31,3100.31,3100.31,3100.31,213
2020-12-10 16:45:00,3100.22,3100.41,3100.2,3100.2,843
2020-12-10 16:30:00,3100.05,3101.8001,3100.05,3101.8001,1684
2020-12-10 16:15:00,3101.49,3101.5,3100.05,3100.05,188318
2020-12-10 16:00:00,3111.06,3112.68,3099.54,3100.07,184225
2020-12-10 15:45:00,3109.0,3115.43,3107.27,3110.04,102897
2020-12-10 15:30:00,3103.71,3110.225,3103.125,3108.15,70035
2020-12-10 15:15:00,3096.75,3103.51,3095.565,3101.28,58452
2020-12-10 15:00:00,3103.06,3104.97,3097.155,3097.155,49538
2020-12-10 14:45:00,3098.11,3105.0,3098.0401,3103.5,61443
2020-12-10 14:30:00,3103.07,3103.6699,3097.04,3099.4043,67066
2020-12-10 14:15:00,3108.4,3110.8,3103.0,3104.0,51915
2020-12-10 14:00:00,3106.1459,3108.88,3103.01,3107.25,44061
2020-12-10 13:45:00,3111.545,3111.545,3105.21,3108.88,35945
2020-12-10 13:30:00,3107.03,3112.9028,3102.39,3111.5,45068
2020-12-10 13:15:00,3096.575,3107.96,3096.575,3107.56,61129
2020-12-10 13:00:00,3105.79,3106.35,3093.07,3097.19,111942
2020-12-10 12:45:00,3108.08,3113.93,3103.3757,3106.0,48854
2020-12-10 12:30:00,3111.55,3115.1,3104.025,3106.9,73976
2020-12-10 12:15:00,3111.0,3118.91,3109.0,3110.3501,63119
2020-12-10 12:00:00,3125.3,3126.0,3109.01,3112.13,92391
2020-12-10 11:45:00,3135.0,3135.0,3120.43,3124.9,91102
2020-12-10 11:30:00,3136.8,3142.1,3133.05,3133.05,81013
2020-12-10 11:15:00,3134.4614,3137.88,3130.214,3135.54,80300
2020-12-10 11:00:00,3128.605,3135.4835,3123.39,3134.1,95484
2020-12-10 10:45:00,3123.73,3130.765,3118.1204,3128.9,105460
2020-12-10 10:30:00,3125.65,3134.8918,3121.54,3123.085,135980
2020-12-10 10:15:00,3121.91,3130.45,3113.0,3124.695,196724
2020-12-10 10:00:00,3107.875,3126.9899,3107.2615,3118.7,211909
2020-12-10 09:45:00,3088.99,3111.52,3076.0,3107.0,370265
2020-12-10 09:30:00,3077.0,3092.41,3075.0,3086.06,10078
2020-12-10 09:15:00,3080.88,3083.0,3075.1601,3075.386,7103
2020-12-10 09:00:00,3087.01,3087.9948,3079.08,3081.0,11828
2020-12-10 08:45:00,3090.0,3093.49,3090.0,3090.0,2391
2020-12-10 08:30:00,3091.02,3091.02,3087.7269,3087.7269,1602
2020-12-10 08:15:00,3101.0,3101.0,3090.2672,3091.905,3502
2020-12-10 08:00:00,3090.05,3090.15,3090.05,3090.15,511
2020-12-10 07:45:00,3090.0,3090.12,3085.0,3085.0,3562
2020-12-10 07:30:00,3094.18,3094.18,3094.0,3094.0,1006
2020-12-10 07:15:00,3100.0,3101.25,3099.85,3099.85,865
2020-12-09 19:45:00,3105.0,3105.0,3105.0,3105.0,181
2020-12-09 19:15:00,3103.85,3104.0,3103.85,3104.0,441
2020-12-09 19:00:00,3106.0,3106.0,3106.0,3106.0,272
2020-12-09 18:15:00,3104.2,3105.0,3104.2,3105.0,1477
2020-12-09 17:30:00,3102.0,3102.0,3101.0,3101.0,881
2020-12-09 17:15:00,3102.56,3103.01,3102.26,3102.26,962
2020-12-09 17:00:00,3102.26,3104.0,3102.26,3104.0,933
2020-12-09 16:45:00,3104.16,3104.44,3104.16,3104.25,937
2020-12-09 16:30:00,3104.2,3104.2,3104.2,3104.2,2507
2020-12-09 16:15:00,3104.2,3105.3,3102.56,3103.26,125581
2020-12-09 16:00:00,3101.445,3115.0,3091.6793,3101.35,379233
2020-12-09 15:45:00,3088.39,3102.14,3088.0,3101.205,194093
2020-12-09 15:30:00,3101.51,3106.4,3088.0,3088.5796,206399
2020-12-09 15:15:00,3110.813,3110.813,3101.0,3102.69,105554
2020-12-09 15:00:00,3105.2,3112.0,3101.535,3111.36,127950
2020-12-09 14:45:00,3115.56,3118.0,3105.0,3105.39,115825
2020-12-09 14:30:00,3104.5775,3117.11,3100.0,3115.765,157274
2020-12-09 14:15:00,3102.865,3113.4999,3102.0,3105.605,157116
2020-12-09 14:00:00,3117.34,3121.96,3100.0,3102.465,160257
2020-12-09 13:45:00,3122.915,3125.787,3108.0038,3116.37,184565
2020-12-09 13:30:00,3134.8294,3136.94,3122.0481,3123.2464,90856
2020-12-09 13:15:00,3137.515,3139.38,3130.0,3133.01,82188
2020-12-09 13:00:00,3133.0,3138.69,3126.44,3137.6187,151490
2020-12-09 12:45:00,3149.15,3149.15,3134.0,3134.5343,113088
2020-12-09 12:30:00,3150.5,3151.52,3143.18,3149.22,72354
2020-12-09 12:15:00,3155.0,3155.2,3150.76,3151.355,41456
2020-12-09 12:00:00,3150.04,3155.0099,3149.0,3155.0099,38878
2020-12-09 11:45:00,3152.28,3155.0,3149.31,3151.64,58978
2020-12-09 11:30:00,3152.49,3153.69,3147.35,3152.335,80184
2020-12-09 11:15:00,3155.93,3157.45,3152.0,3153.25,65562
2020-12-09 11:00:00,3156.46,3160.55,3155.0,3155.13,139250
2020-12-09 10:45:00,3154.49,3160.0,3154.01,3155.73,132967
2020-12-09 10:30:00,3149.01,3159.2943,3146.81,3153.33,118574
2020-12-09 10:15:00,3161.885,3162.39,3143.18,3149.01,168108
2020-12-09 10:00:00,3153.44,3168.3,3150.14,3162.94,192473
2020-12-09 09:45:00,3167.89,3174.43,3150.24,3153.77,327759
2020-12-09 09:30:00,3172.0,3172.0,3168.0,3168.84,2131
2020-12-09 09:00:00,3173.43,3173.94,3173.43,3173.94,1315
2020-12-09 08:45:00,3172.0,3172.0,3172.0,3172.0,878
2020-12-09 08:30:00,3173.7,3173.7,3173.7,3173.7,281
2020-12-09 08:15:00,3171.9974,3185.23,3171.9974,3173.94,2122
2020-12-09 08:00:00,3170.0,3171.0,3170.0,3170.11,1264
2020-12-09 07:45:00,3169.26,3169.26,3169.0,3169.0,1321
2020-12-09 07:30:00,3172.85,3172.85,3170.0,3170.0,3096
2020-12-09 07:15:00,3171.5,3172.0,3171.5,3172.0,916
2020-12-09 07:00:00,3170.0,3170.0,3170.0,3170.0,211
2020-12-09 06:30:00,3174.0,3174.0,3174.0,3174.0,173
2020-12-08 20:00:00,3179.74,3179.74,3177.0,3177.0,1708
2020-12-08 19:45:00,3179.95,3179.95,3179.95,3179.95,184
2020-12-08 19:30:00,3178.4,3178.4,3178.4,3178.4,964
2020-12-08 18:45:00,3180.0,3180.0,3180.0,3180.0,1718
2020-12-08 18:15:00,3178.97,3181.77,3178.97,3181.77,1487
2020-12-08 17:45:00,3178.0,3178.0,3177.13,3177.95,870
2020-12-08 17:15:00,3175.41,3177.29,3175.41,3177.29,2731
2020-12-08 16:45:00,3176.0,3176.0,3176.0,3176.0,719
2020-12-08 16:30:00,3176.35,3176.36,3176.0,3176.0,1264
2020-12-08 16:15:00,3177.29,3177.29,3176.9723,3176.99,83379
2020-12-08 16:00:00,3177.0,3182.0,3175.1,3176.64,217671
2020-12-08 15:45:00,3179.26,3183.6718,3174.34,3177.81,86541
2020-12-08 15:30:00,3179.4511,3183.19,3172.62,3178.5541,121527
2020-12-08 15:15:00,3176.75,3184.13,3172.92,3179.803,134693
2020-12-08 15:00:00,3170.0,3178.2,3166.6,3176.75,132875
2020-12-08 14:45:00,3162.82,3170.0,3159.5688,3170.0,112648
2020-12-08 14:30:00,3149.59,3162.44,3148.76,3162.44,97595
2020-12-08 14:15:00,3147.81,3151.0,3147.28,3149.64,49299
2020-12-08 14:00:00,3148.65,3150.78,3146.43,3148.18,44792
2020-12-08 13:45:00,3145.37,3151.0,3145.01,3148.75,69147
2020-12-08 13:30:00,3152.535,3152.98,3144.06,3145.23,70392
2020-12-08 13:15:00,3145.33,3153.8,3144.0,3152.415,75054
2020-12-08 13:00:00,3146.642,3146.66,3142.87,3145.065,51374
2020-12-08 12:45:00,3142.85,3147.88,3141.01,3146.6,56397
2020-12-08 12:30:00,3144.63,3145.83,3141.06,3143.7,165412
2020-12-08 12:15:00,3144.745,3152.43,3144.6118,3145.1,108012
2020-12-08 12:00:00,3133.76,3145.0,3132.35,3145.0,67856
2020-12-08 11:45:00,3136.48,3139.12,3132.74,3133.86,76424
2020-12-08 11:30:00,3134.99,3138.64,3131.9325,3136.46,69334
2020-12-08 11:15:00,3132.96,3140.0,3130.5232,3133.84,102633
2020-12-08 11:00:00,3128.475,3134.95,3127.4517,3132.85,100812
2020-12-08 10:45:00,3128.18,3129.0,3120.02,3128.455,142812
2020-12-08 10:30:00,3138.635,3138.94,3121.0426,3128.0,193103
2020-12-08 10:15:00,3138.39,3148.0,3136.02,3138.26,155339
2020-12-08 10:00:00,3140.85,3143.8685,3131.0,3138.24,184490
2020-12-08 09:45:00,3158.9,3158.9,3134.04,3140.6765,254925
2020-12-08 09:30:00,3157.38,3159.37,3156.81,3156.81,4465
2020-12-08 09:15:00,3151.1519,3154.9987,3151.1519,3154.9987,3113
2020-12-08 09:00:00,3151.11,3153.0,3151.11,3153.0,1793
2020-12-08 08:45:00,3153.9166,3153.9166,3153.5246,3153.5246,396
2020-12-08 08:30:00,3151.0192,3153.9,3151.0192,3153.0,1915
2020-12-08 08:15:00,3155.0,3165.89,3150.0,3152.0078,4558
2020-12-08 08:00:00,3153.01,3153.01,3153.01,3153.01,275
2020-12-08 07:15:00,3152.9,3152.9,3152.9,3152.9,720
2020-12-08 06:15:00,3159.8,3159.8,3159.8,3159.8,171
2020-12-07 19:45:00,3152.28,3152.28,3152.28,3152.28,280
2020-12-07 19:15:00,3152.25,3152.25,3152.25,3152.25,1015
2020-12-07 19:00:00,3152.1,3152.12,3152.0,3152.0,946
2020-12-07 18:30:00,3152.25,3152.25,3152.25,3152.25,383
2020-12-07 18:15:00,3152.5,3152.5,3152.5,3152.5,349
2020-12-07 17:45:00,3153.0,3153.0,3153.0,3153.0,461
2020-12-07 17:15:00,3151.02,3151.02,3151.0,3151.0,727
2020-12-07 16:45:00,3155.79,3155.79,3153.87,3153.87,1392
2020-12-07 16:30:00,3158.0,3158.0,3156.0,3156.49,1641
2020-12-07 16:15:00,3158.0,3159.89,3157.0,3158.0,206061
2020-12-07 16:00:00,3151.66,3159.0,3146.8901,3158.77,200980
2020-12-07 15:45:00,3150.75,3152.62,3150.02,3151.8,80859
2020-12-07 15:30:00,3152.25,3152.98,3150.06,3150.97,103383
2020-12-07 15:15:00,3153.56,3155.29,3151.625,3152.08,59329
2020-12-07 15:00:00,3155.535,3156.01,3152.15,3152.681,45266
2020-12-07 14:45:00,3153.51,3155.61,3152.92,3155.61,27335
2020-12-07 14:30:00,3154.66,3155.58,3152.7835,3153.885,110847
2020-12-07 14:15:00,3153.0,3155.5,3151.224,3154.5786,44541
2020-12-07 14:00:00,3150.43,3155.0,3150.42,3153.98,43590
2020-12-07 13:45:00,3155.04,3156.75,3150.04,3150.615,59016
2020-12-07 13:30:00,3155.9097,3159.0,3154.0562,3154.53,51143
2020-12-07 13:15:00,3155.7,3155.9894,3153.025,3155.87,37452
2020-12-07 13:00:00,3154.67,3156.5,3154.0,3156.14,42568
2020-12-07 12:45:00,3154.7402,3155.6353,3154.0,3154.77,35262
2020-12-07 12:30:00,3154.77,3155.9,3153.19,3155.0,37458
2020-12-07 12:15:00,3155.55,3155.55,3151.86,3155.0,99963
2020-12-07 12:00:00,3156.4855,3160.45,3154.78,3156.13,69028
2020-12-07 11:45:00,3160.23,3160.23,3152.0,3156.02,71470
2020-12-07 11:30:00,3164.98,3164.98,3156.0,3160.0,71410
2020-12-07 11:15:00,3156.73,3167.0,3156.2615,3163.545,90625
2020-12-07 11:00:00,3154.34,3159.5,3153.715,3156.93,70561
2020-12-07 10:45:00,3159.125,3159.79,3150.1,3154.0,127156
2020-12-07 10:30:00,3169.0,3169.23,3159.0,3159.06,77127
2020-12-07 10:15:00,3170.43,3173.21,3162.36,3167.19,130655
2020-12-07 10:00:00,3174.28,3176.16,3166.65,3171.495,130191
2020-12-07 09:45:00,3156.48,3180.76,3141.69,3175.01,342920
2020-12-07 09:30:00,3158.0,3158.42,3154.85,3154.85,2074
2020-12-07 09:15:00,3157.49,3157.49,3154.0,3154.63,2187
2020-12-07 09:00:00,3157.0,3157.6,3156.02,3157.6,1996
2020-12-07 08:45:00,3156.06,3157.0,3156.0,3157.0,1580
2020-12-07 08:30:00,3155.9384,3155.9384,3155.9384,3155.9384,149
2020-12-07 08:15:00,3161.0,3165.15,3150.0,3156.0,7966
2020-12-07 08:00:00,3156.35,3156.35,3149.0,3150.0,8071
2020-12-07 07:45:00,3160.0,3160.0,3160.0,3160.0,211
2020-12-07 07:30:00,3161.8,3164.83,3161.8,3164.0,1742
2020-12-07 07:15:00,3165.0,3165.0,3160.0,3161.8,3946
2020-12-07 06:00:00,3165.0,3165.0,3165.0,3165.0,306
2020-12-07 05:15:00,3160.0,3160.0,3160.0,3160.0,210
2020-12-04 20:00:00,3159.2,3159.2,3159.2,3159.2,1006
2020-12-04 19:45:00,3159.3,3159.3,3159.02,3159.02,638
2020-12-04 19:15:00,3160.0,3160.0,3159.27,3160.0,1403
2020-12-04 18:30:00,3160.0,3160.0,3160.0,3160.0,104
2020-12-04 18:15:00,3160.75,3160.75,3160.7,3160.7,392
2020-12-04 17:45:00,3158.5,3158.5,3158.5,3158.5,233
2020-12-04 17:00:00,3160.5,3160.9,3160.0,3160.0,1843
2020-12-04 16:45:00,3160.98,3161.0,3160.55,3160.55,1383
2020-12-04 16:30:00,3161.0,3161.59,3160.0,3160.98,2593
2020-12-04 16:15:00,3163.5,3163.5,3161.0,3161.2,76496
2020-12-04 16:00:00,3161.12,3163.49,3158.76,3163.49,267147
2020-12-04 15:45:00,3163.47,3165.0,3158.79,3161.3045,115663
2020-12-04 15:30:00,3164.28,3165.17,3161.05,3163.1908,84232
2020-12-04 15:15:00,3168.65,3168.77,3163.1,3164.06,73736
2020-12-04 15:00:00,3164.82,3168.84,3163.5,3168.27,73267
2020-12-04 14:45:00,3163.025,3166.18,3162.37,3164.49,54661
2020-12-04 14:30:00,3165.35,3169.17,3162.06,3163.57,56250
2020-12-04 14:15:00,3167.11,3168.41,3164.435,3165.63,65889
2020-12-04 14:00:00,3168.19,3169.5,3166.0,3167.05,46509
2020-12-04 13:45:00,3167.71,3171.7099,3167.649,3168.465,43283
2020-12-04 13:30:00,3169.845,3169.99,3166.41,3167.9099,37630
2020-12-04 13:15:00,3175.0,3175.53,3168.03,3169.7373,78109
2020-12-04 13:00:00,3175.5305,3179.4999,3174.05,3174.7479,74320
2020-12-04 12:45:00,3172.495,3176.83,3171.975,3176.0,62909
2020-12-04 12:30:00,3169.71,3176.66,3169.66,3174.01,125378
2020-12-04 12:15:00,3163.98,3170.04,3162.37,3169.9,74066
2020-12-04 12:00:00,3167.55,3169.175,3162.69,3163.86,83907
2020-12-04 11:45:00,3169.88,3173.97,3166.785,3168.63,88918
2020-12-04 11:30:00,3164.0,3170.82,3160.5,3169.73,84571
2020-12-04 11:15:00,3168.27,3169.3,3160.7221,3164.702,108107
2020-12-04 11:00:00,3174.26,3176.59,3166.28,3168.39,105088
2020-12-04 10:45:00,3168.56,3175.0,3168.56,3174.104,106093
2020-12-04 10:30:00,3183.49,3184.525,3168.01,3169.78,125113
2020-12-04 10:15:00,3182.21,3187.54,3179.2501,3183.67,94031
2020-12-04 10:00:00,3180.65,3184.93,3176.8,3181.95,104279
2020-12-04 09:45:00,3198.21,3198.21,3172.67,3181.31,298148
2020-12-04 09:30:00,3191.0,3198.21,3191.0,3198.21,3487
2020-12-04 09:15:00,3192.9663,3198.0,3190.7831,3194.2,5110
2020-12-04 09:00:00,3191.0,3192.97,3186.73,3186.73,8492
2020-12-04 08:45:00,3193.0,3196.0,3193.0,3195.06,5215
2020-12-04 08:15:00,3197.5,3199.0,3193.0,3193.0,4082
2020-12-04 08:00:00,3193.0,3193.0,3191.0,3191.0,1347
2020-12-04 07:45:00,3195.0,3196.0,3194.0,3194.0,2917
2020-12-04 07:15:00,3197.21,3197.21,3196.0,3196.0,932
2020-12-04 07:00:00,3195.0,3195.0,3195.0,3195.0,132
2020-12-04 05:15:00,3186.24,3186.24,3186.24,3186.24,218
2020-12-04 04:15:00,3197.0,3197.0,3180.0,3180.0,849
2020-12-03 19:45:00,3189.48,3189.48,3189.48,3189.48,135
2020-12-03 19:00:00,3189.0,3189.0,3189.0,3189.0,365
2020-12-03 18:45:00,3189.0,3189.0,3189.0,3189.0,404
2020-12-03 18:30:00,3188.0,3188.0,3188.0,3188.0,259
2020-12-03 18:15:00,3187.67,3187.67,3186.64,3186.64,1402
2020-12-03 17:45:00,3186.01,3186.65,3186.0,3186.65,989
2020-12-03 17:30:00,3186.73,3187.12,3186.01,3186.01,966
2020-12-03 17:15:00,3186.0,3186.01,3185.0,3186.01,751
2020-12-03 16:45:00,3187.75,3187.75,3186.73,3186.73,1228
2020-12-03 16:30:00,3187.75,3187.75,3186.49,3187.74,2773
2020-12-03 16:15:00,3186.73,3188.48,3186.25,3188.48,84815
2020-12-03 16:00:00,3193.13,3196.0,3181.31,3188.66,215516
2020-12-03 15:45:00,3199.0,3201.16,3186.36,3192.5744,106668
2020-12-03 15:30:00,3200.0291,3200.63,3196.33,3198.955,58878
2020-12-03 15:15:00,3199.435,3201.5,3193.01,3200.27,74031
2020-12-03 15:00:00,3195.45,3200.0,3193.5,3199.15,66929
2020-12-03 14:45:00,3188.25,3196.0,3188.25,3196.0,59098
2020-12-03 14:30:00,3194.42,3194.82,3185.0,3188.49,73621
2020-12-03 14:15:00,3191.44,3195.5,3190.6707,3193.91,43031
2020-12-03 14:00:00,3195.01,3196.5692,3190.55,3191.45,69110
2020-12-03 13:45:00,3203.32,3203.74,3195.0,3195.59,44111
2020-12-03 13:30:00,3199.81,3204.0,3198.63,3203.0,55118
2020-12-03 13:15:00,3197.09,3199.81,3196.0,3199.8099,37774
2020-12-03 13:00:00,3195.01,3199.95,3190.985,3196.6435,97028
2020-12-03 12:45:00,3199.32,3203.0,3195.0,3195.6163,78482
2020-12-03 12:30:00,3200.0,3200.47,3197.25,3198.635,67388
2020-12-03 12:15:00,3209.31,3211.4,3199.8,3200.3275,107573
2020-12-03 12:00:00,3200.32,3210.205,3199.02,3209.28,87655
2020-12-03 11:45:00,3202.56,3205.99,3199.91,3200.39,62049
2020-12-03 11:30:00,3198.658,3205.29,3198.658,3202.18,72610
2020-12-03 11:15:00,3205.94,3207.56,3192.4201,3197.96,151757
2020-12-03 11:00:00,3208.8,3213.52,3204.816,3205.81,93877
2020-12-03 10:45:00,3217.32,3221.467,3207.0,3208.648,120143
2020-12-03 10:30:00,3222.53,3225.6799,3215.01,3216.9923,96033
2020-12-03 10:15:00,3211.145,3228.64,3210.81,3222.55,179431
2020-12-03 10:00:00,3212.43,3215.79,3204.88,3213.05,146140
2020-12-03 09:45:00,3205.46,3227.57,3201.11,3212.68,286819
2020-12-03 09:30:00,3204.8015,3205.0,3203.57,3204.89,2808
2020-12-03 09:15:00,3207.17,3207.17,3202.9205,3202.9205,5349
2020-12-03 09:00:00,3209.0,3210.0001,3209.0,3209.0,2884
2020-12-03 08:45:00,3210.5,3212.29,3208.0,3208.0,3521
2020-12-03 08:30:00,3210.25,3210.25,3210.0,3210.0,1633
2020-12-03 08:15:00,3210.0,3212.0,3210.0,3211.9,3854
2020-12-03 08:00:00,3211.0,3211.95,3211.0,3211.88,2112
2020-12-03 07:45:00,3210.9,3211.03,3210.73,3211.03,1092
2020-12-03 07:30:00,3211.18,3212.0,3210.0,3210.0,2608
2020-12-03 07:15:00,3209.3,3213.53,3209.3,3212.0,2131
2020-12-03 06:00:00,3210.78,3210.78,3210.78,3210.78,106
2020-12-02 20:00:00,3203.6,3203.6,3201.0,3201.0,825
2020-12-02 19:45:00,3201.0,3201.0,3201.0,3201.0,275
2020-12-02 19:30:00,3202.0,3202.0,3202.0,3202.0,387
2020-12-02 19:15:00,3201.0,3201.0,3200.0,3200.0,551
2020-12-02 18:30:00,3204.01,3204.01,3204.01,3204.01,236
2020-12-02 18:15:00,3205.0,3205.0,3205.0,3205.0,140
2020-12-02 18:00:00,3204.0,3204.0,3203.7,3204.0,858
2020-12-02 17:30:00,3204.1,3204.1,3204.1,3204.1,227
2020-12-02 17:15:00,3203.0,3204.0,3203.0,3204.0,2958
2020-12-02 17:00:00,3204.0,3204.0,3202.0,3202.85,3426
2020-12-02 16:45:00,3203.53,3204.0,3203.53,3204.0,8468
2020-12-02 16:30:00,3205.0,3205.0,3204.0,3204.0,3973
2020-12-02 16:15:00,3203.53,3205.0,3202.0,3205.0,131629
2020-12-02 16:00:00,3203.34,3205.95,3200.25,3203.75,181584
2020-12-02 15:45:00,3202.16,3203.5283,3198.55,3203.0,92215
2020-12-02 15:30:00,3206.17,3207.8499,3200.37,3203.1265,78585
2020-12-02 15:15:00,3212.43,3213.44,3206.39,3206.39,51435
2020-12-02 15:00:00,3209.1,3213.13,3207.0,3212.43,50825
2020-12-02 14:45:00,3213.61,3214.825,3206.68,3209.27,44074
2020-12-02 14:30:00,3205.17,3214.6186,3205.0402,3214.39,65055
2020-12-02 14:15:00,3203.32,3205.55,3200.8545,3204.045,40591
2020-12-02 14:00:00,3200.0,3208.0,3198.08,3204.5,73273
2020-12-02 13:45:00,3215.125,3216.49,3198.39,3200.14,119854
2020-12-02 13:30:00,3221.0,3221.12,3214.38,3215.22,36878
2020-12-02 13:15:00,3216.28,3221.0,3211.53,3220.05,52756
2020-12-02 13:00:00,3218.17,3220.07,3212.01,3214.98,61139
2020-12-02 12:45:00,3220.66,3222.0,3217.0,3217.61,69429
2020-12-02 12:30:00,3226.14,3226.14,3217.43,3220.13,75313
2020-12-02 12:15:00,3222.85,3232.0,3221.4113,3226.14,90280
2020-12-02 12:00:00,3215.095,3225.746,3214.08,3222.9,101581
2020-12-02 11:45:00,3214.48,3216.51,3207.515,3214.3701,75207
2020-12-02 11:30:00,3210.73,3217.0,3208.75,3213.0735,71619
2020-12-02 11:15:00,3208.77,3214.9899,3208.77,3210.955,71646
2020-12-02 11:00:00,3216.3,3218.5,3204.61,3208.0,110907
2020-12-02 10:45:00,3216.2,3217.0,3208.5197,3216.3,109394
2020-12-02 10:30:00,3205.9933,3218.77,3203.4636,3216.2,166258
2020-12-02 10:15:00,3196.0544,3208.0,3192.37,3205.66,158434
2020-12-02 10:00:00,3181.0,3198.0,3173.2601,3198.0,276215
2020-12-02 09:45:00,3221.65,3223.81,3177.89,3181.0,413095
2020-12-02 09:30:00,3232.57,3232.57,3220.33,3220.33,6539
2020-12-02 09:15:00,3228.75,3229.97,3228.0,3229.97,4396
2020-12-02 09:00:00,3220.25,3228.0,3219.88,3228.0,4740
2020-12-02 08:45:00,3224.0,3224.0001,3222.02,3222.02,3321
2020-12-02 08:30:00,3229.15,3229.15,3229.0,3229.0,1541
2020-12-02 08:15:00,3220.0,3234.0,3220.0,3227.0,8339
2020-12-02 08:00:00,3230.02,3234.0,3230.02,3233.0,1454
2020-12-02 07:45:00,3223.0,3237.0,3223.0,3229.0,8937
2020-12-02 07:30:00,3220.53,3223.23,3220.0,3221.0,3717
2020-12-02 07:15:00,3215.0,3220.0,3215.0,3219.93,5105
2020-12-02 07:00:00,3215.01,3215.01,3215.0,3215.0,284
2020-12-02 06:45:00,3211.0,3211.0,3211.0,3211.0,261
2020-12-02 04:30:00,3220.0,3220.0,3220.0,3220.0,208
2020-12-01 20:00:00,3213.8,3216.0,3213.8,3215.5,614
2020-12-01 19:15:00,3217.0,3217.0,3217.0,3217.0,548
2020-12-01 18:45:00,3218.23,3218.23,3218.23,3218.23,210
2020-12-01 18:30:00,3217.03,3217.03,3216.76,3216.76,749
2020-12-01 18:15:00,3219.84,3221.99,3219.84,3221.99,1757
2020-12-01 18:00:00,3217.53,3217.53,3217.03,3217.03,412
2020-12-01 17:45:00,3217.5,3218.45,3217.5,3218.45,364
2020-12-01 17:30:00,3219.01,3219.01,3217.52,3218.0,1813
2020-12-01 17:15:00,3218.99,3218.99,3218.99,3218.99,308
2020-12-01 17:00:00,3221.0,3221.98,3219.99,3221.98,1859
2020-12-01 16:45:00,3222.1,3222.25,3219.758,3220.0,4592
2020-12-01 16:30:00,3223.75,3223.75,3223.75,3223.75,640
2020-12-01 16:15:00,3220.08,3224.25,3220.08,3221.68,103499
2020-12-01 16:00:00,3211.9,3222.7869,3207.46,3220.08,246449
2020-12-01 15:45:00,3216.72,3216.72,3205.8425,3211.89,103644
2020-12-01 15:30:00,3218.06,3218.9605,3204.3501,3217.34,129791
2020-12-01 15:15:00,3218.83,3222.38,3212.0,3218.14,138190
2020-12-01 15:00:00,3238.25,3240.1,3216.53,3218.0012,184044
2020-12-01 14:45:00,3237.56,3244.35,3236.36,3238.34,88593
2020-12-01 14:30:00,3244.415,3246.8,3236.64,3237.59,102837
2020-12-01 14:15:00,3233.275,3246.707,3232.4901,3244.21,119426
2020-12-01 14:00:00,3240.76,3245.1499,3232.06,3233.3856,136143
2020-12-01 13:45:00,3247.4001,3247.4001,3239.14,3241.22,120881
2020-12-01 13:30:00,3238.81,3248.95,3238.0,3247.75,175255
2020-12-01 13:15:00,3232.75,3247.9999,3232.36,3238.9954,237692
2020-12-01 13:00:00,3216.11,3233.9999,3215.8799,3231.7973,235333
2020-12-01 12:45:00,3217.0,3221.5893,3211.5525,3215.57,149271
2020-12-01 12:30:00,3214.67,3217.24,3207.0,3215.975,174336
2020-12-01 12:15:00,3195.83,3219.0,3192.9833,3214.0374,258971
2020-12-01 12:00:00,3189.09,3198.38,3186.6992,3195.7,161977
2020-12-01 11:45:00,3185.32,3189.645,3178.14,3188.1901,92429
2020-12-01 11:30:00,3185.88,3185.88,3180.3201,3184.22,88574
2020-12-01 11:15:00,3175.33,3188.9999,3173.855,3185.93,146590
2020-12-01 11:00:00,3162.3,3176.24,3157.18,3176.24,111804
2020-12-01 10:45:00,3166.51,3172.5,3161.1063,3162.9691,119501
2020-12-01 10:30:00,3168.31,3189.0,3164.0,3167.97,141076
2020-12-01 10:15:00,3169.8404,3177.065,3164.35,3167.62,121184
2020-12-01 10:00:00,3174.94,3183.005,3166.2,3168.8,172063
2020-12-01 09:45:00,3188.5,3189.0,3161.0,3173.495,373881
2020-12-01 09:30:00,3188.155,3191.0,3185.0,3187.0,3954
2020-12-01 09:15:00,3189.0,3192.9927,3189.0,3190.25,6634
2020-12-01 09:00:00,3185.0,3189.9787,3184.07,3189.89,8692
2020-12-01 08:45:00,3186.01,3187.0,3183.1087,3185.0,5938
2020-12-01 08:30:00,3192.0,3192.9775,3191.0,3191.0,3047
2020-12-01 08:15:00,3190.03,3195.0,3190.03,3192.0,7030
2020-12-01 08:00:00,3193.0,3193.0,3193.0,3193.0,632
2020-12-01 07:15:00,3192.38,3194.88,3189.69,3194.88,4962
2020-12-01 07:00:00,3192.0,3192.0,3192.0,3192.0,204
2020-12-01 06:45:00,3194.4,3194.4,3194.14,3194.14,916
2020-12-01 06:00:00,3189.77,3194.79,3189.77,3194.79,717
2020-12-01 04:45:00,3190.0,3190.0,3190.0,3190.0,120
2020-12-01 04:15:00,3184.0,3189.6,3184.0,3189.6,565
2020-11-30 20:00:00,3181.01,3181.01,3180.0,3181.0,2053
2020-11-30 19:45:00,3182.0,3182.51,3182.0,3182.51,1185
2020-11-30 19:30:00,3182.0,3182.0,3182.0,3182.0,268
2020-11-30 19:15:00,3179.89,3181.83,3179.89,3181.83,726
2020-11-30 19:00:00,3178.1,3179.0,3178.0,3179.0,1301
2020-11-30 18:45:00,3177.0,3177.0,3177.0,3177.0,1003
2020-11-30 18:30:00,3178.05,3178.1,3176.9,3176.9,1159
2020-11-30 18:15:00,3177.0,3177.0,3175.3,3177.0,2943
2020-11-30 18:00:00,3175.0,3175.25,3175.0,3175.25,859
2020-11-30 17:15:00,3175.0,3175.6,3168.436005,3175.0,1553
2020-11-30 17:00:00,3173.5,3175.0,3173.5,3175.0,2060
2020-11-30 16:45:00,3171.02,3172.7,3170.0,3171.84,14782
2020-11-30 16:30:00,3173.15,3174.0,3168.04,3172.01,17172
2020-11-30 16:15:00,3168.04,3175.25,3168.04,3168.04,171402
2020-11-30 16:00:00,3159.6,3169.76,3157.0,3168.03,280165
2020-11-30 15:45:00,3159.81,3166.6699,3158.0,3159.61,123470
2020-11-30 15:30:00,3166.01,3169.79,3159.201,3159.61,76660
2020-11-30 15:15:00,3176.7,3177.75,3165.0,3167.11,92389
2020-11-30 15:00:00,3167.79,3176.43,3166.3901,3176.43,62961
2020-11-30 14:45:00,3169.05,3171.268,3165.69,3167.352,47430
2020-11-30 14:30:00,3169.635,3170.8,3165.01,3170.24,48335
2020-11-30 14:15:00,3167.32,3173.79,3166.0,3170.7476,74862
2020-11-30 14:00:00,3168.97,3173.0,3163.36,3166.9379,82419
2020-11-30 13:45:00,3156.7,3170.33,3154.135,3168.81,119895
2020-11-30 13:30:00,3155.14,3160.4898,3154.8854,3155.85,95851
2020-11-30 13:15:00,3146.66,3157.19,3145.935,3154.9,101438
2020-11-30 13:00:00,3140.0,3216.57,3138.485,3146.17,72859
2020-11-30 12:45:00,3140.14,3143.73,3137.85,3141.18,84371
2020-11-30 12:30:00,3145.17,3146.42,3138.2,3139.98,87725
2020-11-30 12:15:00,3141.73,3145.29,3139.0,3145.0,77041
2020-11-30 12:00:00,3145.9,3149.77,3140.4801,3141.47,89157
2020-11-30 11:45:00,3146.5,3148.5979,3139.425,3145.6356,108768
2020-11-30 11:30:00,3150.07,3156.9799,3145.77,3145.77,111929
2020-11-30 11:15:00,3147.53,3154.5775,3143.0552,3150.37,128777
2020-11-30 11:00:00,3126.25,3149.0,3125.55,3148.035,205714
2020-11-30 10:45:00,3160.6047,3162.3757,3125.5501,3125.5501,244942
2020-11-30 10:30:00,3166.47,3173.94,3160.05,3161.11,174383
2020-11-30 10:15:00,3177.235,3182.58,3165.3501,3166.665,182340
2020-11-30 10:00:00,3185.09,3190.1234,3176.15,3176.15,214441
2020-11-30 09:45:00,3208.48,3228.39,3183.39,3185.94,458725
2020-11-30 09:30:00,3204.0,3209.0,3204.0,3209.0,3954
2020-11-30 09:15:00,3202.2,3205.88,3201.2,3205.88,5732
2020-11-30 09:00:00,3204.0,3204.4,3202.2496,3204.3178,9304
2020-11-30 08:45:00,3206.0,3207.4629,3202.2,3202.2,5957
2020-11-30 08:30:00,3210.2598,3210.2598,3205.14,3206.9,4955
2020-11-30 08:15:00,3207.4165,3214.5,3207.0,3210.51,5791
2020-11-30 08:00:00,3212.11,3212.11,3211.75,3211.75,845
2020-11-30 07:45:00,3213.89,3214.0,3213.8,3214.0,2689
2020-11-30 07:30:00,3213.78,3213.87,3212.0,3213.0,4666
2020-11-30 07:15:00,3210.0,3211.3,3210.0,3211.3,1629
2020-11-30 07:00:00,3206.0,3206.0,3206.0,3206.0,196
2020-11-30 04:45:00,3205.0,3205.0,3205.0,3205.0,132
2020-11-27 17:00:00,3196.75,3196.75,3196.0,3196.0,1324
2020-11-27 16:30:00,3199.0,3199.0,3198.11,3198.11,310
2020-11-27 13:15:00,3195.95,3195.95,3195.34,3195.34,65591
2020-11-27 13:00:00,3191.826,3195.99,3190.05,3195.95,190608
2020-11-27 12:45:00,3193.0,3200.0,3191.05,3192.01,128726
2020-11-27 12:30:00,3197.96,3198.7,3192.09,3193.79,107051
2020-11-27 12:15:00,3197.31,3204.98,3196.28,3197.3024,106807
2020-11-27 12:00:00,3203.2,3204.143,3195.6,3196.775,125343
2020-11-27 11:45:00,3207.85,3210.49,3202.43,3204.0,94315
2020-11-27 11:30:00,3209.2238,3210.77,3204.37,3209.052,92123
2020-11-27 11:15:00,3214.885,3214.885,3207.6,3209.01,108259
2020-11-27 11:00:00,3210.6703,3214.92,3207.41,3214.2999,93924
2020-11-27 10:45:00,3211.0,3215.04,3209.8,3210.75,131270
2020-11-27 10:30:00,3206.2,3213.28,3205.445,3210.75,173637
2020-11-27 10:15:00,3208.93,3209.98,3195.01,3204.9,176235
2020-11-27 10:00:00,3200.8369,3209.59,3191.615,3208.895,192810
2020-11-27 09:45:00,3211.26,3216.19,3193.63,3198.46,432327
2020-11-27 09:30:00,3216.21,3216.21,3208.0,3209.0,15808
2020-11-27 09:15:00,3219.94,3219.94,3218.0,3218.2,4970
2020-11-27 09:00:00,3217.9,3220.0,3217.9,3219.52,8721
2020-11-27 08:45:00,3211.6811,3217.0,3185.07,3216.9,13367
2020-11-27 08:30:00,3209.48,3212.0,3209.48,3211.87,4254
2020-11-27 08:15:00,3210.998,3210.998,3205.9999,3209.0,11708
2020-11-27 08:00:00,3208.11,3208.11,3207.0,3207.0,1436
2020-11-27 07:45:00,3205.9,3205.9,3205.9,3205.9,275
2020-11-27 07:15:00,3209.0,3211.53,3209.0,3209.88,7398
2020-11-27 05:30:00,3210.0,3210.0,3210.0,3210.0,381
2020-11-27 05:15:00,3215.0,3215.0,3215.0,3215.0,122
2020-11-27 05:00:00,3215.0,3215.0,3215.0,3215.0,335
2020-11-27 04:45:00,3215.0,3215.0,3215.0,3215.0,467
2020-11-27 04:15:00,3220.01,3220.01,3220.0,3220.0,631
2020-11-25 20:00:00,3187.18,3187.18,3187.18,3187.18,220
2020-11-25 19:15:00,3190.0,3190.0,3185.9,3186.0,3953
2020-11-25 19:00:00,3191.0,3191.0,3191.0,3191.0,143
2020-11-25 18:45:00,3190.02,3190.02,3190.02,3190.02,530
2020-11-25 18:30:00,3190.84,3191.8,3190.26,3190.26,1610
2020-11-25 18:15:00,3189.0,3189.5,3189.0,3189.5,1015
2020-11-25 17:15:00,3189.0,3189.0,3188.6,3188.6,524
2020-11-25 17:00:00,3189.0,3189.0,3188.7,3188.7,1059
2020-11-25 16:45:00,3185.07,3187.0,3185.07,3187.0,1729
2020-11-25 16:30:00,3185.07,3185.07,3185.07,3185.07,6555
2020-11-25 16:15:00,3185.07,3188.35,3178.6496,3188.35,39012
2020-11-25 16:00:00,3189.67,3190.19,3181.11,3184.82,243565
2020-11-25 15:45:00,3187.38,3193.86,3187.02,3189.42,149858
2020-11-25 15:30:00,3184.64,3187.75,3181.38,3187.46,86569
2020-11-25 15:15:00,3182.79,3184.47,3176.33,3184.0207,76397
2020-11-25 15:00:00,3177.7,3183.99,3177.7,3183.6256,74589
2020-11-25 14:45:00,3172.9,3180.0,3172.425,3177.35,84423
2020-11-25 14:30:00,3165.015,3172.73,3165.005,3172.4822,49465
2020-11-25 14:15:00,3172.02,3174.0,3162.81,3165.0368,68240
2020-11-25 14:00:00,3173.15,3173.27,3167.59,3172.49,56722
2020-11-25 13:45:00,3172.9999,3173.99,3166.61,3173.15,109530
2020-11-25 13:30:00,3178.02,3179.17,3171.65,3171.65,69234
2020-11-25 13:15:00,3183.5,3186.5,3178.01,3178.02,64559
2020-11-25 13:00:00,3181.66,3184.0,3179.4926,3183.5,59644
2020-11-25 12:45:00,3179.2,3182.948,3179.2,3181.395,41998
2020-11-25 12:30:00,3175.0,3183.2599,3173.53,3179.0,68200
2020-11-25 12:15:00,3172.49,3176.29,3170.0,3175.0,94040
2020-11-25 12:00:00,3171.01,3175.29,3162.425,3172.11,107649
2020-11-25 11:45:00,3182.06,3185.99,3168.724,3173.3628,119088
2020-11-25 11:30:00,3190.67,3190.85,3180.0,3183.62,104056
2020-11-25 11:15:00,3188.1679,3193.88,3185.8052,3190.2409,95947
2020-11-25 11:00:00,3185.1936,3198.0,3185.06,3188.3393,209162
2020-11-25 10:45:00,3177.22,3187.0,3176.4,3184.77,116143
2020-11-25 10:30:00,3184.0808,3187.0,3173.49,3175.9795,152395
2020-11-25 10:15:00,3195.515,3196.04,3172.23,3183.1201,242512
2020-11-25 10:00:00,3157.09,3196.54,3152.195,3195.425,425980
2020-11-25 09:45:00,3141.87,3160.67,3140.26,3155.08,445099
2020-11-25 09:30:00,3139.0,3141.5,3137.0,3141.12,7603
2020-11-25 09:15:00,3139.34,3141.0,3138.7,3138.7,6407
2020-11-25 09:00:00,3142.74,3143.0,3140.4151,3142.0,3748
2020-11-25 08:45:00,3131.01,3142.19,3131.01,3140.9,12313
2020-11-25 08:30:00,3128.0,3130.45,3125.0,3128.16,6539
2020-11-25 08:15:00,3126.0,3133.0,3125.0,3130.0,13173
2020-11-25 08:00:00,3128.0,3129.0,3127.22,3129.0,2144
2020-11-25 07:45:00,3131.0,3132.0,3129.0,3129.0,4318
2020-11-25 07:30:00,3129.75,3129.75,3129.75,3129.75,425
2020-11-25 07:15:00,3128.65,3128.65,3125.03,3128.0,1881
2020-11-25 06:45:00,3128.0,3128.0,3128.0,3128.0,231
2020-11-25 06:15:00,3124.0,3124.0,3124.0,3124.0,104
2020-11-25 05:30:00,3125.0,3125.0,3125.0,3125.0,181
2020-11-25 04:30:00,3127.0,3127.0,3126.0,3126.0,419
2020-11-24 20:00:00,3131.1,3131.1,3127.0,3128.0,3106
2020-11-24 19:30:00,3130.0,3130.0,3129.21,3129.33,1258
2020-11-24 19:15:00,3128.27,3128.27,3128.27,3128.27,250
2020-11-24 19:00:00,3129.02,3129.02,3126.4,3126.4,1292
2020-11-24 18:45:00,3126.3,3127.2,3126.3,3127.2,739
2020-11-24 18:30:00,3126.9,3126.9,3126.9,3126.9,143
2020-11-24 18:15:00,3124.3,3125.0,3124.3,3125.0,800
2020-11-24 17:30:00,3122.19,3122.19,3122.19,3122.19,399
2020-11-24 17:15:00,3122.48,3122.48,3121.9,3121.9,372
2020-11-24 17:00:00,3121.0,3121.0,3121.0,3121.0,386
2020-11-24 16:45:00,3118.1,3121.5,3118.1,3121.5,2152
2020-11-24 16:30:00,3118.0,3119.0,3116.7,3116.7,1110
2020-11-24 16:15:00,3118.06,3120.98,3117.7482,3118.06,37468
2020-11-24 16:00:00,3114.14,3120.3437,3114.09,3116.86,212408
2020-11-24 15:45:00,3120.41,3122.88,3114.73,3115.09,93011
2020-11-24 15:30:00,3119.7201,3120.85,3116.12,3120.41,67084
2020-11-24 15:15:00,3122.2,3122.2,3113.13,3120.61,101083
2020-11-24 15:00:00,3125.12,3127.39,3120.0,3122.57,85391
2020-11-24 14:45:00,3124.61,3128.425,3120.0,3125.331,85975
2020-11-24 14:30:00,3128.71,3132.3,3123.59,3124.575,81865
2020-11-24 14:15:00,3132.7,3134.25,3129.18,3129.59,69488
2020-11-24 14:00:00,3131.34,3133.0,3128.68,3132.9999,57038
2020-11-24 13:45:00,3124.41,3134.1,3123.3,3131.35,106312
2020-11-24 13:30:00,3129.515,3129.515,3118.54,3123.05,84583
2020-11-24 13:15:00,3129.99,3131.265,3123.612,3129.2,107010
2020-11-24 13:00:00,3126.48,3129.76,3124.03,3129.76,93979
2020-11-24 12:45:00,3113.85,3127.8,3113.795,3125.685,120844
2020-11-24 12:30:00,3110.9,3120.08,3110.0,3114.38,107563
2020-11-24 12:15:00,3110.81,3113.6445,3107.7412,3113.6445,59033
2020-11-24 12:00:00,3108.62,3114.15,3105.9,3109.59,93350
2020-11-24 11:45:00,3108.39,3111.89,3105.0,3108.3,114262
2020-11-24 11:30:00,3115.0,3116.99,3105.28,3109.1868,109049
2020-11-24 11:15:00,3108.3682,3115.0,3107.59,3114.485,152827
2020-11-24 11:00:00,3108.34,3108.77,3101.28,3108.5,116056
2020-11-24 10:45:00,3094.69,3109.8499,3093.01,3108.515,170489
2020-11-24 10:30:00,3097.36,3102.99,3093.4401,3095.27,181325
2020-11-24 10:15:00,3106.9553,3111.235,3095.0,3097.13,179260
2020-11-24 10:00:00,3093.64,3107.74,3087.55,3104.815,210203
2020-11-24 09:45:00,3100.5,3109.22,3086.258,3094.0549,389588
2020-11-24 09:30:00,3112.99,3114.0,3100.23,3102.0,11951
2020-11-24 09:15:00,3110.5,3112.59,3107.1,3112.0,6331
2020-11-24 09:00:00,3112.99,3112.99,3112.99,3112.99,462
2020-11-24 08:45:00,3110.0,3112.6161,3110.0,3111.25,2991
2020-11-24 08:30:00,3111.98,3114.0,3110.0,3110.2283,2898
2020-11-24 08:15:00,3105.98,3112.0134,3105.98,3112.0,14012
2020-11-24 08:00:00,3110.0,3110.0,3106.0,3107.78,2962
2020-11-24 07:45:00,3105.0,3110.0,3105.0,3110.0,3778
2020-11-24 07:30:00,3107.8,3107.8,3100.0,3105.0,10977
2020-11-24 07:15:00,3107.7,3108.0,3105.02,3108.0,5168
2020-11-24 07:00:00,3105.0,3105.0,3105.0,3105.0,439
2020-11-24 04:30:00,3105.0,3105.0,3105.0,3105.0,329
2020-11-23 20:00:00,3115.5,3116.02,3114.0,3116.0,3858
2020-11-23 19:45:00,3115.25,3115.25,3115.0,3115.0,1129
2020-11-23 19:30:00,3115.0,3116.44,3112.15,3116.44,8751
2020-11-23 19:15:00,3115.0,3116.0,3115.0,3116.0,980
2020-11-23 19:00:00,3115.0,3116.0,3113.98,3115.01,3700
2020-11-23 18:45:00,3110.0,3116.7,3110.0,3115.02,7869
2020-11-23 18:30:00,3104.39,3110.0,3104.39,3110.0,3124
2020-11-23 18:15:00,3101.0,3101.0,3101.0,3101.0,220
2020-11-23 18:00:00,3100.0,3100.0,3100.0,3100.0,1242
2020-11-23 17:30:00,3100.0,3100.0,3100.0,3100.0,528
2020-11-23 17:15:00,3099.1,3100.0,3099.1,3099.5,1212
2020-11-23 17:00:00,3098.99,3099.0,3098.99,3099.0,10769
2020-11-23 16:45:00,3098.98,3098.98,3098.0,3098.4,2117
2020-11-23 16:15:00,3098.39,3098.95,3098.0,3098.39,156114
2020-11-23 16:00:00,3101.52,3104.71,3092.17,3100.18,228214
2020-11-23 15:45:00,3106.475,3106.7,3095.0,3101.6,103630
2020-11-23 15:30:00,3107.31,3110.0246,3100.7001,3106.48,97392
2020-11-23 15:15:00,3107.0,3111.97,3106.41,3107.94,90069
2020-11-23 15:00:00,3100.79,3109.71,3100.0,3106.66,95567
2020-11-23 14:45:00,3096.6937,3105.0,3095.7,3100.6975,70825
2020-11-23 14:30:00,3097.09,3099.99,3092.735,3096.0,153513
2020-11-23 14:15:00,3095.07,3098.24,3090.2,3097.0,78750
2020-11-23 14:00:00,3103.06,3107.0,3092.52,3094.0,95084
2020-11-23 13:45:00,3098.43,3105.45,3098.0,3103.07,79337
2020-11-23 13:30:00,3101.5952,3102.03,3090.82,3098.725,105740
2020-11-23 13:15:00,3094.0,3102.0,3094.0,3100.33,134309
2020-11-23 13:00:00,3085.23,3093.6186,3084.0,3092.8232,92642
2020-11-23 12:45:00,3092.605,3092.605,3085.0,3085.2,72458
2020-11-23 12:30:00,3079.38,3093.98,3078.075,3091.74,136357
2020-11-23 12:15:00,3078.9,3080.43,3071.5201,3080.39,116474
2020-11-23 12:00:00,3078.83,3087.7,3078.1,3079.68,103331
2020-11-23 11:45:00,3072.0,3085.4957,3070.01,3078.9463,251035
2020-11-23 11:30:00,3067.3299,3077.37,3065.46,3072.71,168338
2020-11-23 11:15:00,3088.39,3093.43,3065.755,3066.5,309607
2020-11-23 11:00:00,3098.57,3099.14,3087.9,3088.865,230051
2020-11-23 10:45:00,3100.0,3110.0,3099.0023,3099.4,163226
2020-11-23 10:30:00,3098.0,3114.01,3094.82,3101.05,256211
2020-11-23 10:15:00,3125.0001,3127.0,3093.49,3098.5,308129
2020-11-23 10:00:00,3131.69,3139.745,3124.36,3124.72,204226
2020-11-23 09:45:00,3116.6986,3139.35,3116.11,3131.69,423368
2020-11-23 09:30:00,3114.0,3120.0,3113.9,3116.17,11933
2020-11-23 09:15:00,3113.0,3114.85,3113.0,3114.0,6969
2020-11-23 09:00:00,3110.0,3112.0718,3110.0,3112.0718,9008
2020-11-23 08:45:00,3109.9658,3113.2,3105.0,3111.9,11013
2020-11-23 08:30:00,3109.38,3112.49,3108.5857,3110.72,18629
2020-11-23 08:15:00,3110.4213,3110.4213,3107.0,3108.0,5502
2020-11-23 08:00:00,3111.25,3111.25,3111.2,3111.2,791
2020-11-23 07:45:00,3109.99,3111.0,3109.06,3110.99,2365
2020-11-23 07:30:00,3109.5,3109.5,3109.3,3109.3,703
2020-11-23 07:15:00,3115.0,3115.0,3108.07,3108.35,8371
2020-11-23 06:15:00,3113.0,3113.0,3113.0,3113.0,143
2020-11-23 05:45:00,3114.0,3114.0,3114.0,3114.0,376
2020-11-23 05:15:00,3114.0,3114.0,3114.0,3114.0,508
